{"metadata":{"asset_id":"a28d5cac-8e75-4024-b5f5-bc42846ef6a3","asset_type":"connection","creator_id":"1000330999"},"entity":{"datasource_type":"933152db-99e1-453a-8ce5-ae0e6714d1a9","description":"","name":"ProductsManagement-GCP-BigQuery","origin_country":"us","properties":{"credentials":"{\n  \"type\": \"service_account\",\n  \"project_id\": \"tests-benoit-marolleau\",\n  \"private_key_id\": \"e076daf01879128d6bf2b0d4ef792dd76137ca2e\",\n  \"private_key\": \"-----BEGIN PRIVATE KEY-----\\nMIIEvAIBADANBgkqhkiG9w0BAQEFAASCBKYwggSiAgEAAoIBAQCOI2H3Zid4/fYC\\nL/ctGzALuODKdbrRielIitPf2Cua6eWYeZHG8U0r/FVgQDG9zJGDPuIkGhJW0bwl\\n0Srex6JlD7N63uN4dQcRYFbbCtocSM3ai7zKaAVjI49Jep4TmnRiLtrB8dwc5IZA\\nx8THNp3WyxFUlv9NVDgoT1Hd6RtJAvom/JaaainnkJi8CqM4aAUclnFEVdeIFlDd\\ncJT/nSGXDdgnowgFFPMp6Je7IPLLz5sMlyBi9jwRp/iHH1hdffCYWEudQ9ckiyQe\\n2NhIKqa5MkooXAsaGeebFbrPii/fuETps7fHmTRAUZ64vUpJcDPMROAf6Z9L20yz\\nONlt+VQVAgMBAAECggEADBofIT1lZvvYkl8bIJAMCzN2kEZt3aFsZ2zKlWiGbe40\\nSkMvkkzBUVluu387vPlJ+m7EOmat4Q6CgoXIrKc6wHgRxAhuPbdZHrWhL41A/N+G\\nB3GWZXVt3/8LGCqEgw7HkgSDQ7ggEaWzeJiJvJx92+f2Vcl1e1QMZAI86jQKyrCB\\nsucRrRbXfpS1lXWopY4WUwbW0PPgwH+IXJ0xXsF1tQ7sov+GfE6pDwus7smsZ40Q\\nZx8oBoNo9mU1jvJhrl8GJRD3v8SS/TaneuL/oo7PDRCY4ihl0T7DR8/tpv+eZjfX\\nF1ir80DtBHx0Naunwiqe4sRzIUZiYkihwkgibG6XgQKBgQDFw0zt7kt28dHSwBnu\\nr5nVMhMXcl4d3vQ51XsV+etzURjQRWu8ZuZZnI0N5PY+aqkYdVcUI4KEISApl6wG\\njAmxaJDOrn3f05H62R6bd1Nt437bTSce1GnEUQpMFQbM8rat/4Z4cvDB6xSfAq3E\\nh1i66n/7oGiCapQz6zMck4623QKBgQC3/rgS6zl3EdAzExj7OQkZqPIbnnXnVooa\\nJOHz7A5VVnG91wOpCJEVWEnsFhfXAdcNIl93taj2EUeUwTVDeDwRfOUt/RKMPxjg\\nh9yfSmW8yTz6YgeYstn0YBo62AAcX2pQqrE5pS4IA7DyZpscJ6YDXsWKIXn4sob1\\nC9XO/rSSmQKBgGDGDzEnONp9vxWIV6hLWdXP6TPCDXhEj/J1GwRIBgWqG6BfODc7\\ni2EykHvKHQ2yGAkV8oSyU73gj+KKi+2wPVYJO0NIc+RBnd/Iu4eMPtE5T+x0tr4J\\nZ7Bfj9BnQaqs4uQGdIEgjdv282JUZ0ASk0L0WaiCeGHJUbiOUbacJmwpAoGAOVCo\\niIQrt3KeF3roekGPGyYsnPvkoHatuG0q0bAD2wN9lPRomHwprat+A4PyUzCoi9fc\\nQ08cXeKOGMGC1QycMZplTckawQNavX609A3Z2VAapahp02BLUrupEBF/H1d9p7k0\\nUc+poid8NFZQFRootb4M7PV2qEj8j1LrfHqNR2kCgYAwOWU3FmnZ2/u8CLa+7ZvE\\n/SwLObVuuxjH6ztUdJZUw/YK4n6e8vA0+qn+8Q/BdGOzysMQQtv81tkWYpjsrWhw\\niR1b3PUbsazYZ35dVlOR8lL2P7Ba0bWvbfm67u1BnVtV1FAknDSZvtQ4wB5a15ab\\nR3PGSJfnu/40B8UG4fio6Q==\\n-----END PRIVATE KEY-----\\n\",\n  \"client_email\": \"service-account@tests-benoit-marolleau.iam.gserviceaccount.com\",\n  \"client_id\": \"117639410610484791660\",\n  \"auth_uri\": \"https://accounts.google.com/o/oauth2/auth\",\n  \"token_uri\": \"https://oauth2.googleapis.com/token\",\n  \"auth_provider_x509_cert_url\": \"https://www.googleapis.com/oauth2/v1/certs\",\n  \"client_x509_cert_url\": \"https://www.googleapis.com/robot/v1/metadata/x509/service-account%40tests-benoit-marolleau.iam.gserviceaccount.com\"\n}","project_id":"tests-benoit-marolleau"}}}