{"metadata":{"asset_id":"0668e45f-fa74-4f16-b5de-7bc0cce6dc3c","asset_attributes":["data_asset"],"name":"RETAIL.PAYMENTS","asset_type":"data_asset","created_at":"2022-02-10T14:49:12Z","description":"","origin_country":"none","owner_id":"1000330999","project_id":"427972f9-416a-41df-8856-5936b5a74c8c","size":0,"tags":["connected-data"],"usage":{"last_update_time":1644504553259,"last_updated_at":"2022-02-10T14:49:13Z"}},"entity":{"data_asset":{"mime_type":"application/octet-stream","dataset":true,"properties":[{"name":"schema_name","value":"RETAIL"},{"name":"table_name","value":"PAYMENTS"}]}},"attachments":[{"id":"a607e484-184c-44f6-a26d-dd1dbf79ab90","version":2,"asset_type":"data_asset","name":"RETAIL.PAYMENTS","connection_id":"c8c92fc2-74f1-4432-9272-07edcbd7af27","connection_path":"/RETAIL/PAYMENTS","datasource_type":"49686982-255f-423a-a5de-d825bfc0abe3","creator_id":"1000330999","create_time":1644504553258,"size":0,"is_remote":true,"is_managed":false,"is_referenced":false,"is_object_key_read_only":false,"is_user_provided_path_key":true,"transfer_complete":true,"is_partitioned":false,"complete_time_ticks":1644504553258,"user_data":{},"test_doc":0,"usage":{"access_count":0,"last_accessor_id":"1000330999","last_access_time":1644504553258}}]}