{"metadata":{"asset_id":"c70a1876-5ba5-4614-b94a-a8d000b8c6d7","asset_attributes":["data_asset"],"name":"GoSales_Tx_NaiveBayes.csv","asset_type":"data_asset","created_at":"2022-02-14T10:08:23Z","description":"","origin_country":"us","owner_id":"1000330999","project_id":"427972f9-416a-41df-8856-5936b5a74c8c","size":2510539,"tags":[],"usage":{"last_update_time":1644833303860,"last_updated_at":"2022-02-14T10:08:23Z"}},"entity":{"data_asset":{"mime_type":"text/csv","dataset":false}},"attachments":[{"id":"27f6d2d6-6e61-4cd9-bf98-c7bbd3a24fd6","version":2,"asset_type":"data_asset","name":"GoSales_Tx_NaiveBayes.csv","mime":"text/csv","datasource_type":"81bafdbd-b7c6-45c5-a4fd-6ec135f66f4e","object_key":"data_asset/GoSales_Tx_NaiveBayes.csv","creator_id":"1000330999","create_time":1644833303859,"size":2510539,"is_remote":false,"is_managed":false,"is_referenced":true,"is_object_key_read_only":true,"is_user_provided_path_key":true,"transfer_complete":true,"is_partitioned":false,"complete_time_ticks":1644833303859,"user_data":{},"test_doc":0,"handle":{"key":"data_asset/GoSales_Tx_NaiveBayes.csv","upload_id":"done","max_part_num":1},"usage":{"access_count":0,"last_accessor_id":"1000330999","last_access_time":1644833303859}}]}