{"metadata":{"asset_id":"25f0786a-9a74-40d8-a2ef-99db568cbee6","asset_attributes":["data_flow"],"name":"RETAIL.CUSTOMERS_flow","asset_type":"data_flow","created_at":"2022-02-14T10:05:41Z","description":"","origin_country":"us","owner_id":"1000330999","project_id":"427972f9-416a-41df-8856-5936b5a74c8c","size":1434,"tags":[],"usage":{"last_update_time":1644833142291,"last_updated_at":"2022-02-14T10:05:42Z"}},"entity":{"data_flow":{"_entity_only":false}},"attachments":[{"id":"9ddaccd5-6189-47e9-bf3b-7e39b7f0dd44","version":2,"asset_type":"data_flow","name":"data_flow","description":"","mime":"application/json","datasource_type":"81bafdbd-b7c6-45c5-a4fd-6ec135f66f4e","object_key":"data_flow/RETAIL.CUSTOMERS_flow","creator_id":"1000330999","create_time":1644833142290,"size":1434,"is_remote":false,"is_managed":false,"is_referenced":true,"is_object_key_read_only":false,"is_user_provided_path_key":true,"transfer_complete":true,"is_partitioned":false,"complete_time_ticks":1644833142290,"user_data":{},"test_doc":0,"handle":{"key":"data_flow/RETAIL.CUSTOMERS_flow","upload_id":"done","max_part_num":1},"usage":{"access_count":0,"last_accessor_id":"1000330999","last_access_time":1644833142290}}]}