{"metadata":{"asset_id":"3459b98d-46d7-4811-830d-bbb433cfa719","asset_attributes":["data_asset"],"name":"Customers","asset_type":"data_asset","created_at":"2022-02-08T14:26:51Z","description":"","origin_country":"none","owner_id":"1000330999","project_id":"427972f9-416a-41df-8856-5936b5a74c8c","size":0,"tags":["connected-data"],"usage":{"last_update_time":1644330411918,"last_updated_at":"2022-02-08T14:26:51Z"}},"entity":{"data_asset":{"mime_type":"application/octet-stream","dataset":true,"columns":[{"name":"CUSTOMERNUMBER","type":{"length":11,"nullable":true,"type":"decimal","scale":0,"signed":true}},{"name":"CUSTOMERNAME","type":{"length":50,"nullable":true,"type":"varchar","scale":0,"signed":false}},{"name":"CONTACTLASTNAME","type":{"length":50,"nullable":true,"type":"varchar","scale":0,"signed":false}},{"name":"CONTACTFIRSTNAME","type":{"length":50,"nullable":true,"type":"varchar","scale":0,"signed":false}},{"name":"PHONE","type":{"length":50,"nullable":true,"type":"varchar","scale":0,"signed":false}},{"name":"ADDRESSLINE1","type":{"length":50,"nullable":true,"type":"varchar","scale":0,"signed":false}},{"name":"ADDRESSLINE2","type":{"length":50,"nullable":true,"type":"varchar","scale":0,"signed":false}},{"name":"CITY","type":{"length":50,"nullable":true,"type":"varchar","scale":0,"signed":false}},{"name":"STATE","type":{"length":50,"nullable":true,"type":"varchar","scale":0,"signed":false}},{"name":"POSTALCODE","type":{"length":15,"nullable":true,"type":"varchar","scale":0,"signed":false}},{"name":"COUNTRY","type":{"length":50,"nullable":true,"type":"varchar","scale":0,"signed":false}},{"name":"SALESREPEMPLOYEENUMBER","type":{"length":11,"nullable":true,"type":"decimal","scale":0,"signed":true}},{"name":"CREDITLIMIT","type":{"length":10,"nullable":true,"type":"decimal","scale":2,"signed":true}}]}},"attachments":[{"id":"dfbdd589-c29e-4760-aa8a-3e2b052a51a8","version":2,"asset_type":"data_asset","name":"CUSTOMERS","description":"remote","mime":"application/octet-stream","connection_id":"41b43beb-3693-441e-b67a-5a8f3e0281d2","connection_path":"/RETAIL/CUSTOMERS","datasource_type":"49686982-255f-423a-a5de-d825bfc0abe3","creator_id":"1000330999","create_time":1644330411917,"size":0,"is_remote":true,"is_managed":false,"is_referenced":false,"is_object_key_read_only":false,"is_user_provided_path_key":true,"transfer_complete":true,"is_partitioned":false,"complete_time_ticks":1644330411917,"user_data":{},"test_doc":0,"usage":{"access_count":0,"last_accessor_id":"1000330999","last_access_time":1644330411917}}]}