{"metadata":{"asset_id":"d5e3a130-9b80-4ac3-930c-337361a7c2be","asset_attributes":["data_asset"],"name":"RETAIL.products","asset_type":"data_asset","created_at":"2022-02-10T14:49:11Z","description":"","origin_country":"none","owner_id":"1000330999","project_id":"427972f9-416a-41df-8856-5936b5a74c8c","size":0,"tags":["connected-data"],"usage":{"last_update_time":1644504551247,"last_updated_at":"2022-02-10T14:49:11Z"}},"entity":{"data_asset":{"mime_type":"application/octet-stream","dataset":true,"properties":[{"name":"schema_name","value":"RETAIL"},{"name":"table_name","value":"products"}]}},"attachments":[{"id":"78918dec-c17e-4616-a125-ebde397df45f","version":2,"asset_type":"data_asset","name":"RETAIL.products","connection_id":"c8c92fc2-74f1-4432-9272-07edcbd7af27","connection_path":"/RETAIL/products","datasource_type":"49686982-255f-423a-a5de-d825bfc0abe3","creator_id":"1000330999","create_time":1644504551245,"size":0,"is_remote":true,"is_managed":false,"is_referenced":false,"is_object_key_read_only":false,"is_user_provided_path_key":true,"transfer_complete":true,"is_partitioned":false,"complete_time_ticks":1644504551245,"user_data":{},"test_doc":0,"usage":{"access_count":0,"last_accessor_id":"1000330999","last_access_time":1644504551245}}]}