{"metadata":{"asset_id":"46e01472-446f-4880-8aec-ca7e5bff3e68","asset_attributes":["notebook"],"name":"RetailOne-Notebook1","asset_type":"notebook","created_at":"2022-02-08T14:18:30Z","description":"","origin_country":"us","owner_id":"1000330999","project_id":"427972f9-416a-41df-8856-5936b5a74c8c","size":42969,"tags":["notebook"],"usage":{"last_update_time":1644845210868,"last_updated_at":"2022-02-14T13:26:50Z"}},"entity":{"notebook":{"kernel":{"name":"python3","display_name":"Python 3.8","language":"python"},"originates_from":{"type":"blank"},"runtime":{"environment":"jupconda38-427972f9-416a-41df-8856-5936b5a74c8c"}}},"attachments":[{"id":"aee2d975-9ecc-4647-8a4e-a3f73301cfdd","version":2,"asset_type":"notebook","name":"attachment for notebook 46e01472-446f-4880-8aec-ca7e5bff3e68","description":"attachment for notebook 46e01472-446f-4880-8aec-ca7e5bff3e68","mime":"application/json","datasource_type":"81bafdbd-b7c6-45c5-a4fd-6ec135f66f4e","object_key":"notebook/RetailOne-Notebook1_yFz4m1nqC.ipynb","creator_id":"1000330999","create_time":1644329911000,"size":42969,"is_remote":false,"is_managed":false,"is_referenced":true,"is_object_key_read_only":false,"is_user_provided_path_key":true,"transfer_complete":true,"is_partitioned":false,"complete_time_ticks":1644329911000,"user_data":{},"test_doc":0,"handle":{"key":"notebook/RetailOne-Notebook1_yFz4m1nqC.ipynb","upload_id":"done","max_part_num":1},"usage":{"access_count":2,"last_accessor_id":"1000330999","last_access_time":1644590202330,"last_updater_id":"1000330999","last_update_time":1644590202330}}]}