{"metadata":{"asset_id":"377cc998-8e99-4bdc-910a-b797c738ec62","asset_attributes":["notebook"],"name":"GoSALES-Prediction - experiment notebook","asset_type":"notebook","created_at":"2022-02-14T10:21:52Z","description":"","origin_country":"us","owner_id":"1000330999","project_id":"427972f9-416a-41df-8856-5936b5a74c8c","size":17205,"tags":["gosales"],"usage":{"last_update_time":1644834113332,"last_updated_at":"2022-02-14T10:21:53Z"}},"entity":{"notebook":{"kernel":{"display_name":"Python 3.8","name":"python3","language":"python"},"originates_from":{"type":"blank"},"runtime":{"environment":"jupconda38-427972f9-416a-41df-8856-5936b5a74c8c"}}},"attachments":[{"id":"bfaab46a-c2c9-4cfd-98f5-aef5ea22fe41","version":2,"asset_type":"notebook","name":"GoSALES-Prediction - experiment notebook","description":"GoSALES-Prediction - experiment notebook attachment for notebook asset 377cc998-8e99-4bdc-910a-b797c738ec62","mime":"application/json","datasource_type":"81bafdbd-b7c6-45c5-a4fd-6ec135f66f4e","object_key":"notebook/notebook_377cc998-8e99-4bdc-910a-b797c738ec62.ipynb","creator_id":"1000330999","create_time":1644834113331,"size":17205,"is_remote":false,"is_managed":false,"is_referenced":true,"is_object_key_read_only":false,"is_user_provided_path_key":true,"transfer_complete":true,"is_partitioned":false,"complete_time_ticks":1644834113331,"user_data":{},"test_doc":0,"handle":{"key":"notebook/notebook_377cc998-8e99-4bdc-910a-b797c738ec62.ipynb","upload_id":"done","max_part_num":1},"usage":{"access_count":0,"last_accessor_id":"1000330999","last_access_time":1644834113331}}]}