{"metadata":{"asset_id":"c0b3bf58-20dc-4173-99ae-473030dac9e8","asset_attributes":["notebook"],"name":"db2.ipynb","asset_type":"notebook","created_at":"2022-02-10T14:10:23Z","description":"","origin_country":"us","owner_id":"1000330999","project_id":"427972f9-416a-41df-8856-5936b5a74c8c","size":153788,"tags":["notebook"],"usage":{"last_update_time":1644502278464,"last_updated_at":"2022-02-10T14:11:18Z"}},"entity":{"notebook":{"kernel":{"name":"python3","display_name":"Python 3.8","language":"python"},"originates_from":{"type":"blank"},"runtime":{"environment":"jupconda38-427972f9-416a-41df-8856-5936b5a74c8c"}}},"attachments":[{"id":"44cdb202-9dd0-46bb-b38c-df26203aead1","version":2,"asset_type":"notebook","name":"attachment for notebook c0b3bf58-20dc-4173-99ae-473030dac9e8","description":"attachment for notebook c0b3bf58-20dc-4173-99ae-473030dac9e8","mime":"application/json","datasource_type":"81bafdbd-b7c6-45c5-a4fd-6ec135f66f4e","object_key":"notebook/db2.ipynb_1qII98GIA.ipynb","creator_id":"1000330999","create_time":1644502223538,"size":153788,"is_remote":false,"is_managed":false,"is_referenced":true,"is_object_key_read_only":false,"is_user_provided_path_key":true,"transfer_complete":true,"is_partitioned":false,"complete_time_ticks":1644502223538,"user_data":{},"test_doc":0,"handle":{"key":"notebook/db2.ipynb_1qII98GIA.ipynb","upload_id":"done","max_part_num":1},"usage":{"access_count":0,"last_accessor_id":"1000330999","last_access_time":1644502223538}}]}