{"metadata":{"asset_id":"c9d93cfd-27a5-46ba-9321-6310b9c8d926","asset_attributes":["wml_pipeline"],"name":"GoSALES-Prediction","asset_type":"wml_pipeline","created_at":"2022-02-14T10:10:08Z","description":"","origin_country":"us","owner_id":"1000330999","project_id":"427972f9-416a-41df-8856-5936b5a74c8c","sandbox_id":"427972f9-416a-41df-8856-5936b5a74c8c","size":0,"tags":["dsx-project.427972f9-416a-41df-8856-5936b5a74c8c"],"usage":{"last_update_time":1644833408056,"last_updated_at":"2022-02-14T10:10:08Z"}},"entity":{"wml_pipeline":{"document":{"doc_type":"pipeline","pipelines":[{"id":"autoai","nodes":[{"id":"automl","op":"kube","parameters":{"output_logs":true,"input_file_separator":",","stage_flag":true,"optimization":{"compute_pipeline_notebooks_flag":true,"cv_num_folds":3,"daub_adaptive_subsampling_max_mem_usage":9000000000,"holdout_param":0.1,"label":"PRODUCT_LINE","learning_type":"classification","max_num_daub_ensembles":2,"run_cognito_flag":true,"scorer_for_ranking":"accuracy"},"n_parallel_data_connections":4,"one_vs_all_file":true},"runtime_ref":"autoai","type":"execution_node"}],"runtime_ref":"hybrid"}],"primary_pipeline":"autoai","runtimes":[{"app_data":{"wml_data":{"hardware_spec":{"base_id":"c076e82c-b2a7-4d20-9c0f-1f0c2fdf5a24","name":"M"}}},"id":"autoai","name":"auto_ai.kb"}],"version":"2.0"},"ml_version":"4.0.0"}}}